U,T,population,iterations,cities,powerplants,min0,mean0,max0,min1,mean1,max1
0.1,2.0,10,100,8,3,43.32273908929766,53.27531810159155,62.13095125025346,37.18495781685331,42.45264137125521,46.77992977798494
0.1,2.0,10,100,8,3,39.07660020762957,47.873577882635495,56.21037456436065,35.98889674585836,42.15899312767313,47.26650708026459
0.1,2.0,10,100,8,3,41.66595720937251,52.74180260067986,68.85599952768133,28.744557711263578,38.02319736620182,51.45142264355453
0.1,2.0,10,100,8,3,44.3998521625065,51.44437032056258,65.63449924430128,35.22237450484077,43.24526221569315,54.00297846764392
0.1,2.0,10,100,8,3,32.47417812009694,49.61939096139191,60.36077027164749,28.24068590685415,36.97975203689057,45.59044065737848
0.1,2.0,10,100,8,3,37.334647744488066,49.943231075879275,63.18511954200483,31.57298483600977,37.583252695112805,46.000055985601435
0.1,2.0,10,100,8,3,44.42929685144809,52.45634441804192,60.872274199838685,29.645750995350745,38.37316998539984,46.81582245046104
0.1,2.0,10,100,8,3,35.9703063156875,48.83715545710832,66.03395837287519,30.108899140064143,39.182695600814434,51.93241501923209
0.1,2.0,10,100,8,3,41.60903108754934,49.43466885867654,60.25379475746848,34.976855940484505,42.44723147864769,52.53889277169829
0.1,2.0,10,100,8,3,39.5502367968861,46.95093354748563,55.878606507315915,36.02932692313654,43.14911141123483,50.39737746527916
0.1,2.0,10,100,8,3,41.68882962126274,50.319321441564526,62.39101714539723,34.591318833391,40.19007361710012,46.34231023397108
0.1,2.0,10,100,8,3,39.92542504703866,49.8935783186181,60.5385627402088,37.049622099825484,46.546490907885776,54.67184431621327
0.1,2.0,10,100,8,3,38.356530692107114,45.96920022079011,54.59710565547603,29.605027335654714,36.77552493200768,45.26715205878591
0.1,2.0,10,100,8,3,43.091246261125505,50.616206245407845,58.94613953780345,31.67779349499569,41.21411196821502,48.06825745095568
0.1,2.0,10,100,8,3,39.865497656701585,49.149649373041186,58.497121732424226,28.937326264810334,41.73061577556895,50.6022607558143
0.1,2.0,10,100,8,3,36.879228754333155,50.29854668018446,57.759920609053694,31.95566026219156,41.03982756595296,55.18200193209783
0.1,2.0,10,1000,48,22,4911.880748305759,5386.024900551335,6126.659564332357,3325.681616042789,3522.4615715078858,3703.76696502053
0.1,2.0,10,10,48,22,5066.755971469255,5385.8239369627645,5644.525088117222,4331.25791826146,4635.639463135352,4838.837089281052
0.1,2.0,10,10,48,22,4706.107037433348,5051.50688556288,5838.525369016903,4194.196532652815,4384.20692785527,4754.665372946454
0.1,2.0,10,10,48,22,4891.676432133512,5392.070556187542,5771.667379116986,4579.647870704193,4915.440527756562,5396.829361334903
0.1,2.0,10,10,48,22,4463.101326483559,5293.192645688627,5928.631406125958,4116.053438897991,4373.811960649211,4701.302576419284
0.1,2.0,10,10,48,22,4934.741718161358,5356.675464010422,5775.463775369816,4610.158861202398,4987.358099403324,5297.548305641686
0.1,2.0,10,10000,48,22,5316.308629580749,5638.551672668694,5980.016819304073,3695.496713789082,4133.249716764312,4653.606878036871
0.1,2.0,10,1000,48,22,4803.636325256291,5240.02000369823,5868.985081984642,3575.662926193845,3855.6915516162203,4300.222609806862
0.05,1,10,100,5,1,361.60217807845623,395.693595975593,419.8996454063145,245.98942511311515,351.17262251784985,430.78893361065974
0.05,1,10,1000,5,1,245.98942511311515,361.74667372769613,445.81867077153856,245.98942511311515,351.41854077909136,445.62747631156964
0.05,1,100,100,5,1,245.98942511311515,390.49355658614064,476.42664498120547,245.98942511311515,358.93808404804435,472.06509731033856
0.05,1,10,100,5,1,295.24386852363875,343.1932981057142,393.0853651577409,294.472124903995,318.9578991143152,348.7072729615787
0.05,1,10,1000,5,1,291.5535647031777,351.2218324109636,402.17879650536696,291.5535647031777,323.14725918160127,390.25622189076205
0.05,1,100,100,5,1,280.1841967845086,352.86008174192665,439.0853139828289,291.5535647031777,342.2949265741385,422.2505624050275
0.05,1,100,1000,5,1,280.1841967845086,349.3749670682666,439.0853139828289,280.1841967845086,335.2066647597319,407.0830858998735
0.05,2,10,100,5,1,485.5352609458336,527.9217292277146,599.9846025418494,446.6984264207671,512.195515650958,563.0493897174791
0.05,2,10,1000,5,1,458.9014017522472,518.9132693718489,576.0755647987552,458.9014017522472,511.5444773015629,578.5180747177267
0.05,2,100,100,5,1,446.6984264207671,539.3644287033247,633.7141660348204,446.6984264207671,510.6761270670044,603.3845162298882
0.05,2,100,1000,5,1,451.80569745286266,533.7666526137721,633.7141660348204,446.6984264207671,509.98806281456535,600.474743821796
0.05,5,10,100,5,1,902.7874275745369,1086.3542918441867,1316.6574706363763,844.0504079280673,993.8853462330486,1260.2394028296549
0.05,5,10,1000,5,1,908.8530564394102,1065.941005226048,1268.6655335900514,795.4500494590015,977.9819599405715,1316.6574706363767
0.05,5,100,100,5,1,826.950045048767,1074.6418637134914,1428.6766740048283,795.4500494590015,1006.3098388374632,1348.576319945997
0.05,5,100,1000,5,1,795.4500494590015,1064.5767997036162,1428.6766740048283,795.4500494590015,1024.8231557954136,1400.9209839225427
0.05,10,10,100,5,1,1639.3173948968586,2064.9299348525465,2801.841967845086,1391.1489355892074,1793.6663459638403,2294.006135854499
0.05,10,10,1000,5,1,1542.8237006407471,1941.1093775850338,2413.310757687447,1581.7614845319977,1765.4288451991124,2020.286122869321
0.05,10,100,100,5,1,1376.7027545227259,1976.8072610280149,2794.2794856599094,1376.7027545227256,1837.3583456209537,2794.2794856599094
0.05,10,100,1000,5,1,1376.7027545227259,1997.7260825409849,2801.841967845086,1376.7027545227256,1828.75254174825,2801.8419678450855
0.1,1,10,100,5,1,340.5728309337264,383.59150973693136,439.04727109028056,327.373239416855,381.0961700632217,451.5906163208312
0.1,1,10,1000,5,1,305.3142504846748,362.3733449172276,423.5420024198476,327.84290581666824,374.0336509772111,406.7072508420463
0.1,1,100,100,5,1,280.1841967845086,387.28485228098873,473.96805937405327,280.1841967845086,373.8649013491683,448.0398764486258
0.1,1,100,1000,5,1,305.3142504846748,395.21442862939716,490.80281095185467,280.1841967845086,364.3528522159987,473.9680593740532
0.1,2,10,100,5,1,514.4599526080987,573.6413385790314,652.1922407908215,510.6188987212729,564.3293529962607,641.3413274174168
0.1,2,10,1000,5,1,530.0590421088991,575.606609902653,618.5227376352187,515.7571295497497,566.0416906229566,664.7552003254216
0.1,2,100,100,5,1,495.0198092204724,571.5959918781431,704.0486066416764,495.0198092204723,549.9331762452264,704.0486066416765
0.1,2,100,1000,5,1,495.0198092204724,576.4507787816467,704.0486066416764,495.0198092204724,555.4663803756229,663.9050748423554
0.1,5,10,100,5,1,1040.5978956676038,1114.3765871804244,1218.8391687638066,843.7714322587069,1088.9458812028163,1337.333933314801
0.1,5,10,1000,5,1,843.7714322587068,1098.4858613003871,1400.920983922543,871.7517651208655,1040.471282578151,1211.7551861585234
0.1,5,100,100,5,1,860.2117239101331,1142.8108778215387,1442.4373597863255,843.7714322587068,1023.9239055551429,1358.2636018973185
0.1,5,100,1000,5,1,887.9368367301612,1112.3851677296846,1407.3730443188838,843.7714322587069,1086.21084914312,1442.4373597863253
0.1,10,10,100,5,1,1442.866432558233,1899.7096120811766,2638.871247378333,1612.150907844015,1898.1781975746258,2438.1535883817273
0.1,10,10,1000,5,1,1529.3624876659646,2107.7357861924806,2452.5658851418084,1812.7530156179123,2172.9465428427106,2808.0401714414065
0.1,10,100,100,5,1,1496.992344447373,2042.0333887737374,2808.0401714414065,1425.024137322431,1846.1794142693623,2488.017890611853
0.1,10,100,1000,5,1,1442.866432558233,2075.210194651384,2808.0401714414065,1425.024137322431,1859.939987748961,2488.0178906118526
0.15,1,10,100,5,1,280.1841967845086,416.67071371935134,502.6212677058551,384.4242943273404,422.1093130227165,472.8294301123814
0.15,1,10,1000,5,1,333.7564390767107,439.84594005105583,528.4486246420017,322.07707480855413,402.2948219536924,496.4463965590464
0.15,1,100,100,5,1,280.1841967845086,445.61726961375587,534.3050416677686,280.1841967845086,415.26246047618463,554.3768075674292
0.15,1,100,1000,5,1,322.07707480855413,442.5407988618,554.3768075674292,280.1841967845086,408.4874580361024,537.5420559896278
0.15,2,10,100,5,1,584.5820306425953,645.0407149229366,767.622603257251,550.5567771619845,606.2942993564823,707.5332537533698
0.15,2,10,1000,5,1,549.4640705721864,609.3481603871035,767.622603257251,554.2470776322873,582.6629699737114,623.2801431451297
0.15,2,100,100,5,1,546.5822811565865,621.7384367069761,767.622603257251,546.5822811565865,606.7920439990494,733.9531001016481
0.15,2,100,1000,5,1,546.5822811565865,624.2204007836999,715.7662374063962,546.5822811565865,606.9996601187738,727.4790714579299
0.15,5,10,100,5,1,963.4817272770734,1191.625651179927,1345.0092611884281,1053.3309993667026,1199.4376030609208,1421.1920837501902
0.15,5,10,1000,5,1,1093.1864883122694,1215.4480142248349,1375.0264262211979,902.9987006705219,1074.0300496256793,1184.1556904387871
0.15,5,100,100,5,1,923.7857205257076,1168.3780527163624,1459.2001841102049,902.9987006705219,1092.7460888028459,1375.0264262211979
0.15,5,100,1000,5,1,902.9987006705219,1162.0630152606648,1459.2001841102046,902.9987006705219,1114.8569595178544,1445.368090686731
0.15,10,10,100,5,1,1916.633616737089,2112.864366998311,2327.5902110429033,1484.251405734246,2027.513908613965,2459.385810425695
0.15,10,10,1000,5,1,1648.9509320772308,2074.8615300856563,2450.6279408556256,1635.9261707857859,1925.387725968803,2187.698122166322
0.15,10,100,100,5,1,1484.251405734246,2068.597858811035,2801.8419678450855,1484.2514057342462,1943.6558976680465,2801.8419678450855
0.15,10,100,1000,5,1,1551.750215139099,2032.3185705581373,2801.8419678450855,1484.2514057342462,1926.434702438186,2660.103469422301
0.05,1,10,100,5,2,330.7685589459882,402.71533760552137,488.15594279373823,299.1835384944482,377.06079643189423,473.25760440232307
0.05,1,10,1000,5,2,367.684484423452,406.9569098811333,503.3010972830597,353.3752261789632,400.0952912338372,481.33674694629406
0.05,1,100,100,5,2,318.6437435435177,413.84804861930274,515.4259126855302,299.18353849444827,398.03327602114865,512.4977169461399
0.05,1,100,1000,5,2,279.9107606573526,415.47302668570444,530.5710671748517,279.9107606573526,393.88847048154224,530.5710671748517
0.05,2,10,100,5,2,623.4725719557439,752.9204210465747,847.3864590333365,531.247481674656,660.2112823955138,779.0325669594084
0.05,2,10,1000,5,2,531.247481674656,713.6672806481064,844.1395029131804,619.6386570843417,767.0298458833644,969.1393389463652
0.05,2,100,100,5,2,542.510982042982,737.0016618548838,969.1393389463653,531.247481674656,691.6479790989341,910.700181784352
0.05,2,100,1000,5,2,542.510982042982,748.0261067998077,969.1393389463653,548.5580209463791,700.5420087845657,887.4159423284383
0.05,5,10,100,5,2,1611.2510100392396,1797.0767543657435,2202.7143554880818,1483.2359654450156,1792.8936299113182,2076.6610693919406
0.05,5,10,1000,5,2,1466.566518465619,1903.3439252779797,2364.637748726129,1252.6732397422961,1567.4265774514151,1883.61881393336
0.05,5,100,100,5,2,1102.455775338613,1731.5674216713628,2364.637748726129,1102.455775338613,1587.2250730989076,2364.637748726129
0.05,5,100,1000,5,2,1102.455775338613,1692.1062598971146,2339.0642049470416,1229.5162659367925,1611.0594400345333,2093.6793103035543
0.05,10,10,100,5,2,2364.446674254148,3176.781474039752,4220.697514565903,2489.1305304312527,3063.908128335196,3685.4732709866257
0.05,10,10,1000,5,2,2054.469598111875,3458.2052020911055,4729.275497452258,2354.904526919241,2891.501877023829,3485.6016534391574
0.05,10,100,100,5,2,2054.469598111875,3333.2289014877383,4622.272314948168,2054.469598111875,3102.5997006814664,4729.275497452258
0.05,10,100,1000,5,2,2350.909597047027,3369.698458938023,4622.272314948168,2054.469598111875,3065.1493792188094,4187.358620607109
0.1,1,10,100,5,2,389.26217605266163,435.79539962181696,523.3900950794379,318.6437435435177,394.01041802572627,462.0843246780627
0.1,1,10,1000,5,2,372.83543122803263,457.0885298703437,523.3900950794379,341.0204076574731,428.8008080526062,489.3542945698548
0.1,1,100,100,5,2,310.9769147767364,433.995146574918,550.0996985642952,279.9107606573526,413.3762230343311,565.2448530536166
0.1,1,100,1000,5,2,326.0233057978965,430.0568164427893,565.2448530536167,279.9107606573526,405.554638310042,565.2448530536167
0.1,2,10,100,5,2,654.8124358886143,779.8113908486556,980.9327152286535,697.765349432502,807.5569378084878,915.0836586844741
0.1,2,10,1000,5,2,559.8215213147053,715.8024358949613,945.373967663117,637.2874870870353,744.2096463062975,882.4640747715382
0.1,2,100,100,5,2,554.3043583252702,771.6343479629546,980.9327152286535,554.3043583252702,707.9658662164991,897.223199280296
0.1,2,100,1000,5,2,554.3043583252702,757.6401176654,980.9327152286535,554.3043583252702,730.0534880320006,980.9327152286535
0.1,5,10,100,5,2,1434.504153374555,1627.113714878825,1887.2947999152584,1254.897646034004,1610.8709285935745,2096.568589786152
0.1,5,10,1000,5,2,1405.1151104376872,1635.7145419831572,1863.5333906536346,1137.129561217378,1521.0165748471732,1864.1771561401633
0.1,5,100,100,5,2,1252.3966755332692,1799.726550153278,2364.637748726129,1137.129561217378,1642.599666757985,2141.583791358436
0.1,5,100,1000,5,2,1137.129561217378,1724.192164555542,2350.8575812293298,1137.129561217378,1632.9817664440268,2110.3487572829513
0.1,10,10,100,5,2,2888.253735575192,3591.775943307935,4236.932295166682,2834.034154473973,3226.6962733502673,3723.174909203093
0.1,10,10,1000,5,2,2089.14338399064,3065.53987614071,3914.6589216891884,2389.578312798006,3128.278964008773,3695.0154183215323
0.1,10,100,100,5,2,2387.3270838506246,3364.038715096983,4634.065691230457,2089.1433839906394,3130.024598401697,4729.275497452258
0.1,10,100,1000,5,2,2089.14338399064,3366.9503742791385,4634.065691230457,2089.14338399064,3110.5764027959403,4187.358620607109
0.15,1,10,100,5,2,369.50154183215324,465.4110338837274,533.0662749450368,326.0233057978965,413.7698196173234,538.8187407339408
0.15,1,10,1000,5,2,352.7329092827538,448.8046974558212,563.4978844323148,364.7562886840616,430.8184315198482,491.21151697085804
0.15,1,100,100,5,2,279.9107606573526,458.2213908508401,592.79831411059,279.9107606573526,418.9750493859564,565.528344218798
0.15,1,100,1000,5,2,279.9107606573526,452.8026182674325,592.79831411059,279.9107606573526,436.7409313957171,592.79831411059
0.15,2,10,100,5,2,692.0787234273083,817.6511881782847,995.2161281715837,660.8128615492883,798.8499700857847,945.8550994904516
0.15,2,10,1000,5,2,646.0537370405307,749.9535224547992,891.3151597068676,708.2370085152504,783.915422173103,893.5005315943126
0.15,2,100,100,5,2,559.8215213147053,785.127795288239,995.2161281715837,559.8215213147053,730.4213140915583,940.6761883879997
0.15,2,100,1000,5,2,568.5877712682005,780.9938852138482,988.0725832094117,559.8215213147053,749.0358669214168,957.7822742307688
0.15,5,10,100,5,2,1298.570101913802,1710.985345531988,2155.867204301366,1298.570101913802,1680.4613374140692,2052.2309091451743
0.15,5,10,1000,5,2,1283.4644719198645,1638.0536370384186,2034.6229848363437,1179.8281767636727,1632.3439136712716,1924.8012331525156
0.15,5,100,100,5,2,1280.8118781366338,1749.9954456174473,2364.637748726129,1280.8118781366338,1647.507290145289,2110.3487572829513
0.15,5,100,1000,5,2,1280.8118781366338,1770.1977081043528,2365.14099417226,1179.8281767636727,1639.2558667791336,2365.14099417226
0.15,10,10,100,5,2,2592.9674509423735,3450.085564016276,4029.105500085415,2432.276928344301,3165.6060606179744,3756.405801167495
0.15,10,10,1000,5,2,2415.7422864539894,3183.4939589305955,3855.870834369977,2688.441985371909,3209.9975224795926,3936.7972276488476
0.15,10,100,100,5,2,2131.8419995369345,3345.1533755522723,4729.275497452258,2131.8419995369345,3141.612203370639,4203.8932624974195
0.15,10,100,1000,5,2,2131.8419995369345,3470.136873348555,4648.349104173387,2131.8419995369345,3166.1126261351683,4203.8932624974195
0.05,1,10,100,5,4,137.14895407607008,178.76807892077267,236.84239195343656,137.67670255754285,171.34594325459258,208.74728780523776
0.05,1,10,1000,5,4,131.41715344802248,192.5396984090508,234.07518830030097,130.560683705352,177.31706648319312,218.92501628416744
0.05,1,100,100,5,4,128.35544382128364,199.02815496774477,275.27708888292744,127.49897407861323,179.04146330326486,232.78223960349573
0.05,1,100,1000,5,4,128.35544382128364,190.46068508566452,269.01753977340707,127.49897407861323,188.30194460004589,278.10167275862875
0.05,2,10,100,5,4,261.121367410704,364.1337556779264,438.5429209183908,256.7108876425673,377.78522701315467,535.8478885593983
0.05,2,10,1000,5,4,285.4814832098139,399.0185908600041,472.3691682324975,261.121367410704,382.3178844738448,556.2033455172575
0.05,2,100,100,5,4,254.99794815722646,376.8990824410068,562.2120043256036,254.99794815722646,348.7818223254021,478.49258748597504
0.05,2,100,1000,5,4,256.7108876425673,381.63897332978655,567.8611720770062,254.99794815722646,362.058826512076,550.5541777658549
0.05,5,10,100,5,4,703.6920609214083,925.9421251158019,1405.5300108140088,837.2397429398118,1054.5630533190183,1180.9229205812437
0.05,5,10,1000,5,4,641.7772191064183,937.5589856965474,1178.034117395985,703.6920609214083,827.1971557480941,937.6605014787249
0.05,5,100,100,5,4,641.7772191064183,989.122543317545,1419.6529301925157,641.7772191064182,892.8731083515091,1405.530010814009
0.05,5,100,1000,5,4,637.4948703930661,935.9900386640526,1345.0876988670352,637.4948703930661,924.0866151136983,1405.530010814009
0.05,10,10,100,5,4,1699.819097332284,2143.1514459439272,2679.239442796991,1314.1715344802246,1792.2415526242658,2347.503537365266
0.05,10,10,1000,5,4,1699.819097332284,2110.2297206467492,2392.4629374298756,1305.6068370535204,1864.9938130610085,2650.993604039978
0.05,10,100,100,5,4,1283.5544382128367,2036.6409771749304,2839.3058603850313,1274.9897407861322,1838.0585286218927,2679.239442796991
0.05,10,100,1000,5,4,1305.6068370535204,1982.0749793934322,2811.060021628018,1274.9897407861322,1880.4721845601903,2781.0167275862877
0.1,1,10,100,5,4,143.26849008637976,201.41237443483016,278.10167275862875,130.560683705352,163.585033713254,234.07518830030097
0.1,1,10,1000,5,4,128.35544382128364,210.79790141649315,281.1060021628018,127.49897407861323,167.9935477301538,226.09685658095094
0.1,1,100,100,5,4,127.49897407861323,198.878146615193,283.9305860385031,128.35544382128364,178.2992811215607,267.9239442796991
0.1,1,100,1000,5,4,127.49897407861323,197.77665529651256,283.9305860385031,127.49897407861323,180.26086503661466,265.0993604039978
0.1,2,10,100,5,4,261.121367410704,414.9061782796389,562.2120043256036,280.4213274056178,346.1840626924851,407.36649751574737
0.1,2,10,1000,5,4,327.4685484970491,425.73031107714326,506.02179602920603,282.13426689095866,371.6883943067998,448.8504166056882
0.1,2,100,100,5,4,254.99794815722646,402.85380055828705,567.8611720770062,254.99794815722646,368.5503174552146,556.2033455172575
0.1,2,100,1000,5,4,254.99794815722646,389.7759279163953,567.8611720770062,256.7108876425673,358.60376463105257,535.8478885593983
0.1,5,10,100,5,4,641.7772191064183,1005.7196233696283,1390.5083637931439,862.1019606258315,983.0678052260539,1167.086902315566
0.1,5,10,1000,5,4,716.3424504318987,1050.002775312625,1419.6529301925154,837.2397429398118,897.9208854948147,1101.8252797645164
0.1,5,100,100,5,4,652.8034185267602,1012.1298778420592,1419.6529301925157,637.4948703930661,932.9520272746605,1345.0876988670352
0.1,5,100,1000,5,4,641.7772191064183,992.7046666570733,1405.530010814009,637.4948703930661,933.4627107854775,1325.496802019989
0.1,10,10,100,5,4,1274.9897407861322,2051.947058604248,2839.3058603850313,1314.1715344802246,1819.6019929200731,2189.250162841674
0.1,10,10,1000,5,4,1463.3019971311855,1974.882589831719,2679.239442796991,1274.9897407861322,1870.2374886808436,2811.060021628018
0.1,10,100,100,5,4,1371.489540760701,1999.4415029658321,2781.0167275862877,1283.5544382128364,1842.0501272240165,2839.305860385031
0.1,10,100,1000,5,4,1305.6068370535204,1876.9509906069402,2811.060021628018,1274.9897407861322,1821.2983116551115,2392.4629374298756
0.15,1,10,100,5,4,167.4479485879624,197.52594007460655,236.84239195343656,140.73841218428169,183.31637664724553,275.27708888292744
0.15,1,10,1000,5,4,172.51198763532648,208.14707176782235,275.27708888292744,140.2106637028089,174.71452958299614,224.75392956404175
0.15,1,100,100,5,4,130.560683705352,199.5178565456521,283.9305860385031,127.49897407861323,184.2767211515294,281.1060021628018
0.15,1,100,1000,5,4,127.49897407861323,205.99767587166735,281.1060021628018,127.49897407861323,178.75571695175756,281.1060021628018
0.15,2,10,100,5,4,274.29790815214017,356.1584751097941,550.5541777658549,281.47682436856337,352.6301981159283,433.55119568938346
0.15,2,10,1000,5,4,282.13426689095866,396.88160552302554,472.3691682324975,254.99794815722646,346.42392025127367,472.3691682324975
0.15,2,100,100,5,4,254.99794815722646,402.0898845389054,562.2120043256036,254.99794815722646,339.96783071457895,466.8347609262263
0.15,2,100,1000,5,4,254.99794815722646,388.9451773835935,567.8611720770062,256.7108876425673,377.3201195035054,562.2120043256036
0.15,5,10,100,5,4,703.6920609214083,1024.5478154344612,1339.6197213984956,637.4948703930661,877.4145642400533,1170.375941501505
0.15,5,10,1000,5,4,652.8034185267602,844.9542183633428,959.6048695344174,703.6920609214083,901.6878893502193,1162.2675917114902
0.15,5,100,100,5,4,641.7772191064183,990.8500972235875,1419.6529301925154,641.7772191064182,906.8184600874133,1405.530010814009
0.15,5,100,1000,5,4,641.7772191064183,997.4840510813142,1405.5300108140088,637.4948703930661,887.7528813877636,1339.6197213984956
0.15,10,10,100,5,4,1283.5544382128367,2007.6148798807408,2361.845841162487,1402.1066370280887,1826.5040517168186,2324.5351834229805
0.15,10,10,1000,5,4,1283.5544382128367,2017.7429579754692,2690.1753977340704,1407.3841218428165,1729.5574247687368,1893.908960047854
0.15,10,100,100,5,4,1305.6068370535204,2049.359540464715,2839.3058603850313,1274.9897407861322,1809.9175721302038,2392.4629374298756
0.15,10,100,1000,5,4,1274.9897407861322,2007.7547665672985,2839.3058603850313,1274.9897407861322,1835.874244693544,2839.305860385031
0.05,1,10,100,5,5,220.94296336148494,323.76255097892107,458.2295889246536,207.92560799740434,291.37239030428407,376.8435413563309
0.05,1,10,1000,5,5,244.14467120334385,307.37036074189734,376.66808668700145,220.94296336148494,303.0214447776891,372.7221244921109
0.05,1,100,100,5,5,207.92560799740434,329.7776085840313,458.2295889246536,207.9256079974043,291.7813470006,457.770977897645
0.05,1,100,1000,5,5,207.92560799740434,317.20633833670075,409.31150933429734,220.94296336148494,294.73310782874586,457.770977897645
0.05,2,10,100,5,5,556.1804203053116,673.0263940892006,915.54195579529,511.4558676265618,613.5655952492251,792.394720280148
0.05,2,10,1000,5,5,530.1457095771505,619.107371491263,745.4442489842218,441.8859267229699,629.6821274380121,866.9070325626129
0.05,2,100,100,5,5,463.17185373254364,655.9142235042735,916.4591778493073,415.8512159948086,595.8688160049883,916.4591778493073
0.05,2,100,1000,5,5,415.8512159948087,671.0430594483893,916.4591778493073,415.8512159948087,615.1564947499697,916.4591778493073
0.05,5,10,100,5,5,1278.6396690664046,1525.4405527230451,1739.7302592438189,1039.6280399870216,1431.9074147688623,1745.309028116217
0.05,5,10,1000,5,5,1342.7946332491258,1678.8317558592094,2291.147944623268,1155.6365791963162,1460.174317091607,1930.1740270339837
0.05,5,100,100,5,5,1104.7148168074245,1648.4436427294502,2288.854889488225,1039.6280399870216,1499.061024174504,2172.8463502789305
0.05,5,100,1000,5,5,1039.6280399870216,1595.9344569705045,2172.8463502789305,1039.6280399870216,1520.7910895918062,2167.2675814065324
0.05,10,10,100,5,5,2673.1394085805487,3297.7033735534255,4092.1471550415463,2079.256079974043,3047.6024415351826,4096.733265311632
0.05,10,10,1000,5,5,2927.0093359683424,3372.8361993518906,4334.535162813064,2209.4296336148495,2903.667125819675,3412.353982458236
0.05,10,100,100,5,5,2079.256079974043,3369.768474427449,4582.295889246536,2079.256079974043,3001.342902262685,4104.27263108777
0.05,10,100,1000,5,5,2079.256079974043,3273.31749825184,4582.295889246536,2079.256079974043,3004.9049761927536,4096.951242756642
0.1,1,10,100,5,5,280.504006456628,346.1488958283452,457.770977897645,244.14467120334385,308.1340775662172,350.30679141501366
0.1,1,10,1000,5,5,244.60328223035245,333.69053402445877,458.2295889246536,280.0453954296195,339.83549096675785,433.6289709506359
0.1,1,100,100,5,5,220.94296336148494,320.0133831204212,433.4535162813064,207.9256079974043,297.4433891534026,434.5692700557861
0.1,1,100,1000,5,5,244.14467120334388,332.3214890895714,458.2295889246536,231.12731583926325,305.10902413567817,457.770977897645
0.1,2,10,100,5,5,530.1457095771505,667.6191209322163,818.4294310083092,415.8512159948086,663.3611560832677,753.6870827126618
0.1,2,10,1000,5,5,537.4905783547231,641.897211405075,754.8440465292304,511.4558676265618,591.3676879826539,731.1057197243243
0.1,2,100,100,5,5,415.8512159948087,645.6531084486088,915.54195579529,441.8859267229699,590.4422280433038,802.8883186606972
0.1,2,100,1000,5,5,462.2546316785265,673.096994452834,916.4591778493073,415.8512159948086,596.3991240978884,866.9070325626129
0.1,5,10,100,5,5,1336.5697042902743,1717.0313205370603,2007.220796651743,1039.6280399870216,1440.6660022940468,1859.3994926186772
0.1,5,10,1000,5,5,1343.7264458868076,1580.491815820796,2168.14485475318,1226.7860940398314,1589.0241186598191,1887.110116323076
0.1,5,100,100,5,5,1155.6365791963162,1643.8495075876663,2291.147944623268,1039.6280399870216,1522.236203873118,2288.854889488225
0.1,5,100,1000,5,5,1039.6280399870216,1609.8296374059446,2291.147944623268,1039.6280399870216,1519.9876938487143,2167.2675814065324
0.1,10,10,100,5,5,2311.2731583926325,3048.1043621169147,4345.692700557861,2079.256079974043,2867.9652692791956,4104.27263108777
0.1,10,10,1000,5,5,2079.256079974043,3173.6883579994983,4014.441593303486,2446.0328223035244,2999.78806379818,3849.190516323171
0.1,10,100,100,5,5,2209.429633614849,3281.7122452092585,4577.70977897645,2079.256079974043,3005.715306855684,4096.951242756642
0.1,10,100,1000,5,5,2079.256079974043,3322.5860366564316,4582.295889246536,2209.4296336148495,3035.966802193605,4334.535162813064
0.15,1,10,100,5,5,276.9744563781761,314.06573517511,377.4220232646152,207.9256079974043,296.0609388567548,377.7838404614811
0.15,1,10,1000,5,5,255.7279338132809,338.0952716520041,402.1980959079624,244.14467120334385,313.62776388493114,402.1980959079624
0.15,1,100,100,5,5,231.58592686627182,331.7102748774209,458.2295889246536,207.9256079974043,301.538245441315,386.0130076622957
0.15,1,100,1000,5,5,207.92560799740434,321.7091933903105,458.2295889246536,207.9256079974043,305.97735706077475,409.2147155041546
0.15,2,10,100,5,5,534.0372306148993,681.205271607723,916.4591778493073,490.71443761593247,609.3466185072351,755.5676809229622
0.15,2,10,1000,5,5,534.6278817161098,640.0969455006341,819.3902485513285,490.7144376159325,635.0313453194684,707.3272625179461
0.15,2,100,100,5,5,415.8512159948087,649.6537668749453,916.4591778493073,415.8512159948087,612.3525343855076,869.1385401115722
0.15,2,100,1000,5,5,511.4558676265618,665.0316852646741,915.54195579529,415.8512159948086,617.3143898883321,869.1385401115722
0.15,5,10,100,5,5,1216.7914821929107,1653.5174730709336,2167.267581406532,1157.9296343313592,1433.2989635232655,1884.2177067816547
0.15,5,10,1000,5,5,1226.7860940398314,1513.4800024900178,1762.630398699962,1155.6365791963162,1406.1932833693213,1739.7302592438189
0.15,5,100,100,5,5,1155.6365791963162,1607.966440959649,2288.854889488225,1039.6280399870216,1505.9730388320525,2010.990479539812
0.15,5,100,1000,5,5,1104.7148168074245,1622.5957511401302,2291.147944623268,1039.6280399870216,1538.558820649153,2168.1448547531795
0.15,10,10,100,5,5,2315.8592686627185,3400.133284543932,4582.295889246536,2311.2731583926325,2909.6376273098927,3423.511520203032
0.15,10,10,1000,5,5,2780.902101526558,3233.9669593125554,4345.692700557861,2650.728547885752,2963.787326479208,3729.956522982151
0.15,10,100,100,5,5,2315.8592686627185,3336.40257409903,4577.70977897645,2079.256079974043,3075.8180691051216,4092.1471550415463
0.15,10,100,1000,5,5,2311.2731583926325,3270.9270109277,4336.28970950636,2079.256079974043,2906.7513168052337,3775.974779339447
0.05,1,10,100,20,1,2165.7167279247374,2417.463546047562,2742.7278046941374,1800.1811346472016,2066.0011053833446,2320.409196795035
0.05,1,10,1000,20,1,2135.058205827965,2339.9507585958913,2497.3047657392253,1764.0547904204022,1968.2851253216818,2255.3179009608994
0.05,1,100,100,20,1,1868.3947883693136,2366.8651659414636,2863.3749685715593,1736.4573192819564,1998.4470296799075,2336.013342700021
0.05,1,100,1000,20,1,1998.091022089866,2344.712951577682,2744.1846915714705,1763.9822592934195,1983.8030049337149,2247.143349209597
0.05,2,10,100,20,1,3236.8726860500396,3642.392558952877,4208.295953510096,2890.462250880967,3031.208746906025,3500.845549018786
0.05,2,10,1000,20,1,3148.9656894468894,3534.7073896316315,4126.65611602355,2634.1553443072085,2890.782402312342,3145.136438929773
0.05,2,100,100,20,1,3132.469689076324,3696.159205209084,4445.367997077019,2509.0541455342227,2906.1863964721047,3495.9445408130155
0.05,2,100,1000,20,1,2740.8346212284814,3633.0290228569343,4328.723231911009,2569.9586266575548,2948.620088269003,3636.492175608285
0.05,5,10,100,20,1,7059.5302090246605,7541.163120840531,8521.250678157821,5038.450050363083,5761.875519884039,6239.461776566008
0.05,5,10,1000,20,1,6324.045274981263,7281.313596100442,8301.065104582516,5276.0816898132925,6280.486350658954,7458.244070557622
0.05,5,100,100,20,1,5589.863857776121,7558.4310123669275,9551.066815320757,4470.742058161572,5426.58690683476,6642.5808368845055
0.05,5,100,1000,20,1,5985.741631750765,7605.004632577712,9610.651763912503,4600.856744994985,5648.11686279652,6888.8692437802365
0.05,10,10,100,20,1,12214.544915719285,13890.905096876199,14889.905064481296,8417.160269229485,9763.990665269364,10585.022141888732
0.05,10,10,1000,20,1,10995.732035758483,13996.106821604775,15628.053146894561,9903.244951250575,10483.115263285092,10886.44095698861
0.05,10,100,100,20,1,10903.574158196563,14020.1060980821,17785.679075521988,7500.003392475417,9551.066347914391,11861.719323734447
0.05,10,100,1000,20,1,11143.200239270078,13870.613667346457,18068.42048839321,8172.558397597631,9882.068319331838,12195.563708011156
0.1,1,10,100,20,1,2261.9631680439825,2585.3860912496784,2875.3650613112472,2212.9808982801014,2379.761046002004,2642.266931747967
0.1,1,10,1000,20,1,2340.086507482168,2555.1646696773473,2826.918020028634,1871.9694846097698,2250.0705006068465,2518.440966307841
0.1,1,100,100,20,1,2092.1087097729546,2561.0390774576745,3056.8153648516354,1902.1408632393666,2198.7519144789203,2563.062085892296
0.1,1,100,1000,20,1,2199.4452147657234,2549.723394112851,2949.811311883771,1893.1098697886437,2150.9440955377772,2488.921861533242
0.1,2,10,100,20,1,3040.1520849921953,3753.097267403792,4321.29153387809,2921.740691495085,3217.101226967793,3671.389039449403
0.1,2,10,1000,20,1,3312.9161544951357,3942.51456128098,4653.625094889279,3013.083803987427,3294.7373077812217,3617.5582814052314
0.1,2,100,100,20,1,3317.7966626323273,3883.322985069068,4445.047459959585,2736.6434222628827,3173.7794013325083,3553.660954787894
0.1,2,100,1000,20,1,3273.694855755196,3872.818036327523,4661.294545110721,2837.020090395327,3146.2923895333306,3592.950965790533
0.1,5,10,100,20,1,6096.611128971825,7771.7596086772155,8696.397065821753,5466.904597214424,6249.804868270427,6658.978475629033
0.1,5,10,1000,20,1,6302.293588168491,7973.8628934150565,8841.243690212954,5524.546216416898,6348.840069402938,7159.586356502505
0.1,5,100,100,20,1,6169.572120983445,7640.42356196174,9766.184351441707,4935.12076448434,5842.828215475174,6927.799753777047
0.1,5,100,1000,20,1,6132.05589089415,7677.08405602745,9081.200111125358,4684.004983395497,5801.080135990272,6720.956182254105
0.1,10,10,100,20,1,11700.12756104935,13961.428412514864,15748.314207503689,9413.30605806008,11176.641985959599,13267.193341301947
0.1,10,10,1000,20,1,10716.747297940057,13618.665270766587,16705.031304198586,8323.050386889367,9378.828610633016,10361.493735137814
0.1,10,100,100,20,1,11492.724267557467,14044.772222374506,17640.276130240924,8473.507233413686,9986.090964287934,12200.068733094284
0.1,10,100,1000,20,1,11548.369983090259,14354.264910655505,18306.75067600962,7695.196085895728,9899.423170813332,12338.658829349166
0.15,1,10,100,20,1,2371.4690305670665,2843.689293397195,3284.1606118808118,2148.028924830655,2440.1428084874033,2661.47041532047
0.15,1,10,1000,20,1,2545.735350154988,2871.1086048184825,3334.095942678557,2174.942271206389,2438.0847805185444,2687.830599947115
0.15,1,100,100,20,1,2223.1805466130613,2891.6914703138154,3551.1272657560107,1938.273706572562,2328.431976186766,2782.1945238472194
0.15,1,100,1000,20,1,2346.3322228959055,2867.5482590584293,3340.4978531334723,1963.5313448477848,2347.9068524598983,2707.0367857610736
0.15,2,10,100,20,1,3621.210513565372,4057.261600569333,4485.493339496889,3392.8060680250387,3537.5278994285713,3698.4028546842196
0.15,2,10,1000,20,1,3915.7464551592684,4262.722802599013,4531.519929807493,3216.3768152639477,3626.630382075388,4101.671170643953
0.15,2,100,100,20,1,3545.387416559048,4143.939004005424,4906.648283777801,3015.9445408274373,3504.1230839954187,4197.07557794021
0.15,2,100,1000,20,1,3213.301388595854,4154.381018225909,5240.61715162635,2847.6513877755547,3483.7263981971482,4041.6681550834624
0.15,5,10,100,20,1,7027.368395712293,7771.128229974796,8843.72939851037,6054.038589419929,6672.45313456594,7352.716158977151
0.15,5,10,1000,20,1,7026.273015983206,8026.248248622649,8978.02554616503,5379.875635666764,6059.408620543144,6821.536122205902
0.15,5,100,100,20,1,6218.652763433018,8032.255726715865,9903.551902723642,5264.279667330577,6163.707175175138,7248.979195858943
0.15,5,100,1000,20,1,6539.1308206138665,8058.303693536849,10171.773224224931,5051.029927096287,6047.375457937475,6961.854032539177
0.15,10,10,100,20,1,12731.502915167403,14202.195067815546,16406.52527151632,10426.6396103624,11950.538463332025,14253.013181337266
0.15,10,10,1000,20,1,13205.271923156683,14780.78730952451,17580.744062337864,9810.602149050625,10618.852620538684,11273.200801819577
0.15,10,100,100,20,1,11481.578101117673,14559.881683229825,18059.792906848128,8267.46687042972,10684.783998003728,13531.574433257954
0.15,10,100,1000,20,1,11714.579591233025,14553.441464962521,17319.048515951716,9017.972872929484,10458.853575725678,12879.453792209191
0.05,1,10,100,20,5,1568.7920470755068,1813.9024396752047,2021.179542513398,1195.0108031002896,1315.757913764425,1542.0310087195744
0.05,1,10,1000,20,5,1488.6791857500389,1748.7060518088408,1894.4034669896578,1241.4782409737836,1421.754427682149,1601.7664362512028
0.05,1,100,100,20,5,1376.4643380129587,1768.5464803670425,2165.4185227053003,991.2294709147396,1272.7592513419963,1643.587301387663
0.05,1,100,1000,20,5,1345.0499290785294,1746.8189909769499,2088.1997012730835,965.8788559010274,1252.5830188006173,1514.9786005190708
0.05,2,10,100,20,5,2891.9512005063443,3247.4657941371784,3573.0043365771066,1896.9465648343637,2400.29988581428,2826.339734699157
0.05,2,10,1000,20,5,2607.0644297562108,3209.872991918404,3539.1486846942034,2224.214636675734,2409.140314747065,2707.2432824512534
0.05,2,100,100,20,5,2591.0556338053248,3221.382518702204,3985.226191120201,1566.057021559384,2277.1559304775537,2745.070394828322
0.05,2,100,1000,20,5,2475.210217189629,3205.7091085440816,3911.182476735651,1649.4792818603855,2162.28112506884,2719.9518412022308
0.05,5,10,100,20,5,6797.676294478644,7593.4815526037655,8922.063481703928,5850.032825007064,6288.947943592986,6925.592115498111
0.05,5,10,1000,20,5,6488.748740342419,7576.0173713149,8769.071936297996,5423.210969452151,6306.404472553856,7234.33661653301
0.05,5,100,100,20,5,5288.482211082463,7629.406829630132,9836.059841784163,3887.725375721628,5027.57652100799,6293.630606329228
0.05,5,100,1000,20,5,5922.581286149653,7606.571894001166,9463.294375794663,3921.619045837483,5092.950712815498,6422.569068746201
0.05,10,10,100,20,5,13291.366015069498,15349.079982348654,19100.736273705534,8429.213871493388,10624.927354905089,11954.516701404506
0.05,10,10,1000,20,5,10806.720833850515,13993.418779341542,15605.768198477444,9413.888793257107,11947.521283439244,13153.424751149907
0.05,10,100,100,20,5,11594.450633152155,14833.324532130448,18740.29603372906,8141.858546417477,10574.05978344339,13191.533315850356
0.05,10,100,1000,20,5,10832.55830645511,14646.867936634771,19101.209774601033,8100.442326398841,10329.16872828614,13251.743974675048
0.1,1,10,100,20,5,1474.558959306661,1730.7763799300833,2074.174186293125,1284.097033393381,1422.3581503378223,1726.1376409021814
0.1,1,10,1000,20,5,1660.2996307464455,1822.9152978426202,1932.0584496534075,1319.9458417407354,1435.100414429801,1681.7399217327063
0.1,1,100,100,20,5,1410.7898832222454,1820.3905148629865,2281.1440709522,1070.185062144503,1314.2928322795333,1607.8885908896327
0.1,1,100,1000,20,5,1403.2061153124139,1805.0555321969887,2182.0655196228527,1025.0876442047584,1264.012576403001,1540.798328707619
0.1,2,10,100,20,5,2591.4859607136327,3087.4847364286093,3783.5824440669585,2522.8641151813576,2723.73462071994,3058.2400030503786
0.1,2,10,1000,20,5,2800.5615991969385,3214.7261064708973,3560.9166679677273,2073.764286831844,2354.127198712575,2619.3434483040396
0.1,2,100,100,20,5,2688.4716680989877,3298.268292344335,4236.18867192059,1751.638820908102,2293.7399118140784,2803.5767859350503
0.1,2,100,1000,20,5,2570.7064943788796,3274.947556801554,4057.671845264416,1688.6806853905707,2297.1066585479,2955.1831917858467
0.1,5,10,100,20,5,6655.174566581536,7901.64101124531,9091.834777843515,4151.9931501594,5518.892400919888,6291.90143746278
0.1,5,10,1000,20,5,6360.7559177328885,7938.836567693268,8863.857062386269,4959.852837218884,5294.05814180449,5657.211884561209
0.1,5,100,100,20,5,6097.80100517209,7751.357110873653,9474.331752585033,4041.780600506905,5135.436366914786,6390.999040797976
0.1,5,100,1000,20,5,6083.607184730031,7653.171180488031,9197.466868917103,4005.2956772077887,5298.503515582398,6517.788515361848
0.1,10,10,100,20,5,11800.18030406272,15041.11651535617,16874.817755926502,9439.886266967349,10924.00945806725,13019.260703304899
0.1,10,10,1000,20,5,12285.24524862624,15093.273246961395,19584.058460178127,10088.769785689967,12158.576845565629,14733.88082501056
0.1,10,100,100,20,5,11455.99640405521,14828.821793743311,20151.055124477214,8014.166984330737,10305.900827664615,13200.287317811088
0.1,10,100,1000,20,5,11623.807603751788,15171.26549216042,20585.92134115669,7768.5846195422655,10211.30621265221,13204.299295010427
0.15,1,10,100,20,5,1630.7418207205915,1882.1532802552429,2216.3375306756648,1182.734344464959,1317.068300851504,1479.4040282429887
0.15,1,10,1000,20,5,1685.780528381468,1904.1556420389566,2094.209122483885,1375.9143240995897,1678.8303136257587,1902.3169239693375
0.15,1,100,100,20,5,1514.4093045539842,1891.2115037801475,2259.6088210496277,1070.570362758287,1326.6666429300008,1592.3255192656443
0.15,1,100,1000,20,5,1518.7208766934082,1848.8624878011483,2279.0579974956636,1038.6404511897815,1324.275913138511,1739.0539248107082
0.15,2,10,100,20,5,3015.9468329049973,3317.0038775293856,3704.1029417777086,2324.8205371235504,2519.234997795861,2768.270022990536
0.15,2,10,1000,20,5,2813.25939104926,3250.3886423915133,3715.8313952079234,1982.2916287679511,2268.654516061326,2591.823267288428
0.15,2,100,100,20,5,2566.6446422225167,3356.0458585911692,4248.583108566276,1750.3992836670304,2383.398353690019,3183.408826093627
0.15,2,100,1000,20,5,2654.66548329008,3323.873706420081,4032.0129259433547,1870.7818920477455,2333.0838738397274,2931.016402879048
0.15,5,10,100,20,5,7131.538910232337,7836.94217989993,9074.748440272422,4792.00788040671,5594.26217028577,6336.0439192289505
0.15,5,10,1000,20,5,5345.188276870146,7292.193902129293,8195.684808771131,4764.494563211883,5573.158130138624,6330.74808938984
0.15,5,100,100,20,5,6209.331153144273,7716.152964051876,9347.387327125816,4062.7039398443017,5239.063360983729,6249.1155972295355
0.15,5,100,1000,20,5,5834.717224821957,7757.356472258394,9752.067113695408,4169.782786299512,5283.650965093494,6757.369459342201
0.15,10,10,100,20,5,11701.960894090096,15363.30357262097,18447.647582968075,9546.842386282913,11388.26803259465,12904.581516975553
0.15,10,10,1000,20,5,13992.50508707159,15106.653120905263,16865.633582411396,9992.580658276182,11788.301212474767,13797.204341535602
0.15,10,100,100,20,5,11832.302437429482,15118.402240301442,18734.347149711994,8361.594226000103,10715.926089034974,13486.202457928664
0.15,10,100,1000,20,5,11000.600407242875,14896.527352557918,19292.441409773965,7504.586077574929,10150.081743245797,12661.165134709108
0.05,1,10,100,20,11,1137.286911107065,1519.2014566415542,1806.6556086310816,986.2510512450579,1093.820652272309,1203.6745523186496
0.05,1,10,1000,20,11,1340.8961558471776,1552.7682696110649,1768.62338845879,965.4662804283945,1141.6958320987,1311.969356079067
0.05,1,100,100,20,11,1124.8932268347216,1529.046265736998,1876.3843640981697,818.1051996092141,1076.9089966403446,1468.6799783610309
0.05,1,100,1000,20,11,1120.9079155831714,1557.4411813053296,2005.7043914265635,889.6600888176313,1111.0040087763807,1353.7495262993493
0.05,2,10,100,20,11,2441.253976666094,3032.4422047631315,3551.019430383525,1892.5916595198858,2082.9848275099125,2520.9549457098515
0.05,2,10,1000,20,11,2693.9821658966994,2922.126686372118,3331.995861129672,1805.9864547194622,2082.033777002317,2293.4317391087816
0.05,2,100,100,20,11,2499.892340849009,3047.94091074109,3680.3750637874577,1615.0193362713076,2117.84729788589,2712.2980791064656
0.05,2,100,1000,20,11,2352.0648631918225,3022.680924687123,3782.696864344311,1762.736185974781,2117.295664516117,2583.6137081258785
0.05,5,10,100,20,11,6146.688528464506,7367.447337549015,9034.639425289553,5368.37202860709,5824.6384719224825,6261.226431124682
0.05,5,10,1000,20,11,6767.414835340282,7370.026374272024,8214.809543215255,5307.723727367384,5732.976389805151,6185.091952445403
0.05,5,100,100,20,11,5854.356994093142,7464.217370984029,9350.841814809053,3999.3561305141016,5441.406660132177,6654.564697272031
0.05,5,100,1000,20,11,5983.390955696671,7459.020940956597,9561.15307920348,4032.6308158353904,5244.716047025436,6563.119805978238
0.05,10,10,100,20,11,13278.822336721883,15294.005258753084,16860.757959645525,9885.123669933146,10730.30459827932,11532.790991552358
0.05,10,10,1000,20,11,12220.25770154447,14804.489806531445,17882.456934028876,9503.891364768311,11145.858820728045,12806.35996855308
0.05,10,100,100,20,11,11528.812469920284,15138.683803763966,19004.164056236623,8331.180541599482,10498.263346315303,13213.535091491465
0.05,10,100,1000,20,11,10416.68248646565,14762.20348928664,18128.97955323183,7215.136585097171,10597.685565310225,13804.792786624263
0.1,1,10,100,20,11,1338.8110637401003,1562.1843187968316,1826.92225467635,1112.2247740705493,1229.069312644923,1331.2463148586044
0.1,1,10,1000,20,11,1225.3581020381635,1516.6552822278159,1942.916238389994,970.7193337128931,1186.4582545099086,1423.5740764541313
0.1,1,100,100,20,11,1181.890873885562,1532.4984093355783,1977.8057902215203,827.6770401069583,1083.1959088546646,1527.2114095504508
0.1,1,100,1000,20,11,1134.4080810588766,1536.290786757537,1988.2030711053708,862.0824069068226,1110.5445603775981,1475.5484875869117
0.1,2,10,100,20,11,2562.866224324821,2860.3454482191264,3220.2023543787996,2115.345998066333,2355.73947578605,2470.8150069945104
0.1,2,10,1000,20,11,2812.9885256231746,3040.159789694855,3227.415700237113,2406.2246359475243,2531.994828831695,2901.886282048998
0.1,2,100,100,20,11,2302.1685820957027,2976.1246241876784,3619.94614562294,1741.7061508488882,2258.9098901362186,2733.173611644131
0.1,2,100,1000,20,11,2440.687556720365,3023.2972967543137,3605.3798853025005,1661.110937836955,2244.915385289482,2938.6690809871907
0.1,5,10,100,20,11,6731.86773792384,7419.064959918031,8912.56221104728,5771.099734913817,6120.258599253231,6836.564317951339
0.1,5,10,1000,20,11,6402.149974600883,7538.179060179034,9194.36457980267,4926.226735983168,5655.356648026484,6400.2782492062615
0.1,5,100,100,20,11,5832.936555154256,7594.346383878511,9496.356085853111,4277.294511832523,5277.048061725107,6530.701623586247
0.1,5,100,1000,20,11,5815.002315694728,7435.919356594624,9207.620446502911,4314.624904366045,5388.766816185586,6735.1710863184135
0.1,10,10,100,20,11,13038.477482350247,15566.439225262762,18372.772098387046,9680.956151845467,11439.410995628448,13308.565803592637
0.1,10,10,1000,20,11,12655.683312097257,14361.044724826357,16444.250384641913,9503.923333149796,11003.36089856922,12778.229038038897
0.1,10,100,100,20,11,10771.228875848616,14891.614098312048,19546.955950319265,8319.846668162445,10315.64925625561,13064.838476921508
0.1,10,100,1000,20,11,11654.871505404773,14827.211396772567,18508.08899374986,8636.499470811441,10569.622334989195,12814.804971047713
0.15,1,10,100,20,11,1374.7161988818061,1624.2500637647222,1839.7807480937056,1169.7348407374218,1282.7277248460275,1449.6802571482156
0.15,1,10,1000,20,11,1258.814768059201,1566.7729715666687,1782.1922142753815,905.5637848983575,1141.3357613878663,1255.508074546292
0.15,1,100,100,20,11,1250.3924835842197,1568.046412573644,1925.9499662721685,808.6827843662397,1146.6881363509683,1447.1065596017845
0.15,1,100,1000,20,11,1138.7704891535595,1593.6811598268373,2088.8462083026834,905.8436960171547,1109.1929208829338,1437.0930959578525
0.15,2,10,100,20,11,2064.6578571519954,2971.2321950074775,3351.0676828530018,1930.9588052395081,2242.291990068967,2420.562015766422
0.15,2,10,1000,20,11,2441.427893012481,2948.6086195754947,3496.7065130046312,2132.3847845162913,2488.0216508486815,3122.863420126935
0.15,2,100,100,20,11,2265.072311026881,3065.8385272829314,4104.17204970698,1635.6012245165266,2133.464175920567,2671.8487857492564
0.15,2,100,1000,20,11,2405.6569926366396,3074.3315988014724,3850.8935832900415,1751.4956581453341,2148.274405610241,2674.6047791046362
0.15,5,10,100,20,11,6155.864251252327,7707.722170895473,8839.225183561706,4727.126768849308,5325.69432571014,6062.3125447764905
0.15,5,10,1000,20,11,6861.084772560501,7662.759573534853,8575.794994464639,4999.854857709185,5493.515868989433,6333.336310648554
0.15,5,100,100,20,11,5158.692389189497,7460.246606382056,9917.74242389681,4100.852700252348,5258.194424376482,6655.241130794129
0.15,5,100,1000,20,11,5803.605900123801,7574.264160967698,9534.815605293496,3959.412196232491,5194.15587675793,6748.967981441781
0.15,10,10,100,20,11,12013.864206375907,14255.505873124168,17688.133907120846,8861.087989060106,10264.291854835974,10665.844682598645
0.15,10,10,1000,20,11,12261.45518096527,14527.017838221504,17027.56164142837,8656.346090578028,10330.538899237,11984.808303741893
0.15,10,100,100,20,11,11193.02040690684,14727.46240571605,17760.01778174511,7813.598377941541,10501.211681692497,14334.733882378561
0.15,10,100,1000,20,11,10895.705879389465,14860.361747358138,19499.071171273914,8373.174155830384,10784.4804431312,14483.335432746222
0.05,1,10,100,20,15,1338.2007124431184,1510.0890771155787,1938.470151249592,951.4220148082552,1055.269391876389,1166.7437604068618
0.05,1,10,1000,20,15,1310.096799104153,1530.3260609058661,1739.7277373034597,985.0901333504885,1127.3577510403084,1349.5628318136498
0.05,1,100,100,20,15,1112.3372200028937,1493.320451077214,1883.7055822129894,772.7263767952292,990.2735208226467,1309.2072662195242
0.05,1,100,1000,20,15,1121.2112469351732,1482.3929536689309,1815.7380378667785,726.1868438393844,1026.1224943181574,1330.2733851977425
0.05,2,10,100,20,15,2775.5094841527116,3082.2186289038737,3689.851120075878,2092.8368839542068,2352.316828323263,2484.6501839622297
0.05,2,10,1000,20,15,2611.4835495284083,2970.6580021536583,3451.1396446428607,1772.5179116863626,2085.7491662475027,2415.3676690320144
0.05,2,100,100,20,15,2255.022915025501,2903.376886104903,3670.7753412842912,1501.868491040284,2027.5309328469373,2576.419183188216
0.05,2,100,1000,20,15,2240.6880309553453,2934.4422258524155,3653.2844380017095,1501.1439547377206,1989.9603583886408,2713.180598157294
0.05,5,10,100,20,15,6542.379977791942,7410.294722244024,8707.265867159176,4971.87428084874,5510.435371659824,6352.693763616816
0.05,5,10,1000,20,15,5873.659872989141,7875.193782913851,8623.275380841053,4555.854821443434,5053.547543557255,5988.82541347297
0.05,5,100,100,20,15,5219.363924826031,7371.044676050402,9767.209412136595,3885.179557640217,4985.992937976785,6187.313479332394
0.05,5,100,1000,20,15,4854.80535974958,7325.103171102109,9230.551225478113,3847.921516647771,5134.128197781882,6390.375176186992
0.05,10,10,100,20,15,11492.373178450565,15026.65241919141,17433.315801346493,8909.70068594087,9958.273905192887,11028.201084525499
0.05,10,10,1000,20,15,10105.62215383125,14024.106955969173,16343.133539070457,10016.572292637096,12326.758339344346,13961.163184195579
0.05,10,100,100,20,15,10947.974669989284,14703.81573242367,17896.389487378776,7615.733333804289,9803.582377471193,13088.206715600092
0.05,10,100,1000,20,15,11197.559423633102,14778.340626623756,17436.53017307727,7496.2918290661655,9727.26639138881,13052.358675357587
0.1,1,10,100,20,15,1170.7673111799663,1445.033669767583,1673.0621792989598,1117.355029548507,1207.1930190000314,1301.1832555514925
0.1,1,10,1000,20,15,1383.4599928902037,1507.3374699247224,1730.4664745527148,949.2733602760301,1084.868182535137,1271.5867319761287
0.1,1,100,100,20,15,1156.4886419556005,1491.6659303121182,1799.2359069161312,736.3745692601522,993.4615408746622,1296.8594159159377
0.1,1,100,1000,20,15,1133.4822703664026,1484.0785136330533,1973.6525159209325,797.728789323241,996.7205225610529,1276.3304149912888
0.1,2,10,100,20,15,2510.919716221561,3003.489925806117,3562.82064675003,2095.0543418910006,2367.6826995857923,2912.5304287164627
0.1,2,10,1000,20,15,2764.6275207139206,3166.314491848648,3567.4627268644354,1930.122808051774,2401.777307538937,3041.7734929175717
0.1,2,100,100,20,15,2344.073243429744,2988.7462360945915,3663.5397439766757,1459.6927554924896,1937.1927446042766,2465.77889148742
0.1,2,100,1000,20,15,2413.7280224713368,2991.3534231510603,3911.8640320206405,1415.815773404686,2021.3412717275332,2495.881888027627
0.1,5,10,100,20,15,5779.370408181838,7052.75061060774,8367.075545226135,4120.601451811439,5437.445428442341,6191.52562460307
0.1,5,10,1000,20,15,6078.065440947439,7272.1103537659465,8613.94363324193,4993.274294866293,5971.962405349258,7043.232206650873
0.1,5,100,100,20,15,6042.798242749318,7472.343136892668,9113.209217180833,3930.0334469269615,5041.583388820424,6448.886370659199
0.1,5,100,1000,20,15,5441.080127463244,7475.091293683781,8914.007969257038,3601.5523196358663,4852.630746466717,6214.979690243688
0.1,10,10,100,20,15,13173.061331705141,14320.805496931407,15419.92151205402,10867.888352238062,11839.454157829361,13078.56813902841
0.1,10,10,1000,20,15,11794.702403093197,13992.683930648936,16252.400597033378,9037.212928945186,11108.79833475345,12191.293506177615
0.1,10,100,100,20,15,9939.809971682904,14463.74632279891,19303.521642519216,8177.875820654446,10160.781631034244,12927.707364833655
0.1,10,100,1000,20,15,11121.0289232871,14824.732826429617,18411.130554140123,6642.323980881322,9825.830649381263,12097.437217656912
0.15,1,10,100,20,15,1243.64610353479,1447.43675224912,1758.6682387157973,992.2707346189185,1092.1291051139733,1176.441802773189
0.15,1,10,1000,20,15,1168.1796650687277,1484.2283849866742,1656.761358103124,1167.286360817452,1203.4751943504655,1255.521030909975
0.15,1,100,100,20,15,1054.4405035918023,1481.9031480666881,1761.7926900985533,749.6847310799344,974.8678814941758,1286.8589004748544
0.15,1,100,1000,20,15,1126.0039300919177,1467.8350468902433,1959.0624470485654,721.5574973870454,1008.0755367302277,1305.704584251712
0.15,2,10,100,20,15,2677.8442987162243,3061.8621665561154,3345.2812750528756,1976.3022637742372,2273.0285774385866,2625.8188354698987
0.15,2,10,1000,20,15,2540.20715333472,2891.7546104486455,3364.1112306413374,1811.6807087922512,2074.762056278309,2350.5417612018296
0.15,2,100,100,20,15,2285.6479480995213,2903.099467523568,3732.2512205327625,1592.3882304227373,2090.007288322681,2693.231980322272
0.15,2,100,1000,20,15,2116.0921934973194,2951.678452173113,3794.8007113389635,1591.867452542032,1989.5292659046777,2666.2703329862993
0.15,5,10,100,20,15,6489.473483323009,7406.652355301767,8265.066850332509,4638.666416143438,5519.023175662464,6360.736686199898
0.15,5,10,1000,20,15,5735.00341972565,7173.906441206462,9256.928811902113,5505.9228432286845,5814.256286793874,6447.566019188819
0.15,5,100,100,20,15,5795.593311826756,7401.191673934831,8946.859195401381,3642.455173160713,5024.726003097531,6488.875470214638
0.15,5,100,1000,20,15,5753.840769416198,7439.664973481521,10012.073768307073,3650.7893868580213,5015.826927641639,6344.215856303755
0.15,10,10,100,20,15,12225.233788210468,14444.646053814213,17373.24561428746,9342.863664294016,10564.139324395535,12164.548674308073
0.15,10,10,1000,20,15,13550.040687786313,14972.176799048286,17509.726735003365,8206.281947583353,9158.66457883648,10362.716222301937
0.15,10,100,100,20,15,11321.179248196404,14713.579340740655,17576.386393365363,7329.721581290018,9777.18273181949,12362.315309370508
0.15,10,100,1000,20,15,11245.880567064345,14479.89789979524,18291.29021438542,6917.683205417854,9907.600936570478,12427.107856791437
0.05,1,10,100,50,1,6214.178626413194,6501.032433896458,6799.888166439015,4690.178991012361,5157.279935937187,5649.693536773209
0.05,1,10,1000,50,1,6294.195316479755,6501.145413091099,7014.833889292855,5389.8919271603645,5608.973550779565,5823.033581171171
0.05,1,100,100,50,1,5712.5413609925035,6532.343550344716,7335.947006325065,4541.017376020837,4975.063862664007,5405.759473829798
0.05,1,100,1000,50,1,5834.4485111963695,6486.4717099937925,7234.275486251975,4594.932729354398,4987.79404390702,5545.721258605116
0.05,2,10,100,50,1,9174.176586234467,10147.716853623166,11042.028272498826,7779.436270421601,8177.5798166400255,8730.74210521373
0.05,2,10,1000,50,1,9720.67516235629,10266.764225541565,10951.280584974576,7287.472780437716,7798.705269561066,8316.024860459824
0.05,2,100,100,50,1,8888.87619696879,10299.719781739495,11667.041100094784,6672.195072104651,7481.347102050998,8319.0911147123
0.05,2,100,1000,50,1,8918.794662564647,10304.208630478524,11726.453278777468,6428.059208166051,7197.637973922862,7902.3465336498875
0.05,5,10,100,50,1,20479.298650368888,21766.688581753442,25209.44126196235,14842.752719884758,15421.680366803062,16681.753575864455
0.05,5,10,1000,50,1,19387.880817377252,21110.453623032896,23178.350213808666,14171.884126270837,14754.85815017393,15430.763007671289
0.05,5,100,100,50,1,18948.757950923602,21703.55288513151,24443.2933434084,12559.912564411905,14081.31459552801,15939.918346778175
0.05,5,100,1000,50,1,18695.054595134592,21626.00448929726,25044.88058350324,11189.34994272672,13037.643852410645,15537.159074001695
0.05,10,10,100,50,1,36182.448644374024,39848.602863415246,45541.8895008098,29010.417057412113,33199.22025806072,35755.82756396349
0.05,10,10,1000,50,1,39704.563834489985,41676.20997524557,46720.60779099404,28253.548246369905,29651.395710560213,31692.54847840268
0.05,10,100,100,50,1,34709.50676572541,40996.018466119865,46385.56370032613,21013.20960161037,25236.96995868156,28636.808101524606
0.05,10,100,1000,50,1,34082.86387910878,40437.52780426337,47160.12651427103,21166.063669791445,24639.31525891219,27630.16412271122
0.1,1,10,100,50,1,6387.360745296835,6932.992316000562,7373.11559206252,5593.42176338532,5753.249422256968,5825.709897747448
0.1,1,10,1000,50,1,6467.528456293245,7100.4315687336875,8026.604669459324,5580.512233868844,5719.198175062954,6059.755159843995
0.1,1,100,100,50,1,6161.811185761178,7064.713129171224,8335.778987224108,4981.203368442612,5561.415584316274,6080.089034084923
0.1,1,100,1000,50,1,6228.951217706064,7084.24210759449,8141.320795642273,4722.177971274406,5452.575107835246,6043.599708500843
0.1,2,10,100,50,1,10610.325790118042,11344.258951998807,12346.227679184001,8254.558669984795,8538.947911655463,8992.224186468302
0.1,2,10,1000,50,1,10468.180985914749,11005.369971451548,11613.631410823633,8497.106685181741,8846.175867321417,9320.84519426407
0.1,2,100,100,50,1,9476.178793643838,10941.017102120804,12716.305938047168,7161.8894850642455,8113.5824248443,9140.32813211286
0.1,2,100,1000,50,1,9521.603372960331,10925.905666745353,12510.872902608364,7217.746180837728,7921.774749762424,8553.70467524835
0.1,5,10,100,50,1,20042.88907490489,22185.0287458098,24131.23768553452,16366.108730706377,17448.47487244199,18970.230808478038
0.1,5,10,1000,50,1,20713.756288675264,22181.855477447887,24780.631441550486,15539.330115789928,17012.82344783598,18392.245968845535
0.1,5,100,100,50,1,19336.92171696392,22537.75825488472,25873.383762001045,12843.27442482951,14561.158145005851,16794.93407045287
0.1,5,100,1000,50,1,19737.025023933045,22406.054728653315,25569.993899710495,12123.30957366606,14463.93844350665,16139.402711262086
0.1,10,10,100,50,1,35704.619609295114,40444.59361805444,45028.35071696915,26212.136243474426,29502.67728457335,33448.639030402745
0.1,10,10,1000,50,1,38458.04926056894,41923.028814592566,49905.3837469587,31440.546888289668,33063.22858939563,36479.91437448808
0.1,10,100,100,50,1,34822.134453636274,41075.554556244104,49744.73923853855,22130.299847630915,25962.254039004827,30732.833390084237
0.1,10,100,1000,50,1,33419.39414706915,40970.071332950174,47870.186104759225,21167.561258657715,24296.493517035746,27016.59549752486
0.15,1,10,100,50,1,7110.272320118577,7773.442816758882,8136.321372807856,5949.53625368838,6368.770821490771,6845.8251576226785
0.15,1,10,1000,50,1,7295.751035908712,7848.495769581286,8585.304320078123,6049.414146967847,6339.420329657451,6727.621640094399
0.15,1,100,100,50,1,6939.2576962754765,7815.062055292034,8895.070596230797,4946.963530559403,6037.737745222813,6572.041786629029
0.15,1,100,1000,50,1,7024.157992970009,7791.693600184362,8627.845593865799,5458.5721280601465,5888.004047429843,6366.784148437147
0.15,2,10,100,50,1,10544.983355411649,11838.233088873585,12438.163355920158,9559.848934673368,9889.832741279959,10157.966232795714
0.15,2,10,1000,50,1,10900.631033812031,11828.190751235337,12861.762006017943,8885.056927108073,9182.991030270225,9647.748251631028
0.15,2,100,100,50,1,9922.071765964412,11512.022497172848,12739.181415536641,7877.537929197581,8865.082039899822,10110.690752734055
0.15,2,100,1000,50,1,10602.731388957145,11608.11319590112,13411.528823054941,7928.0754498413,8759.44091976634,9618.803626361854
0.15,5,10,100,50,1,20617.342416644813,22525.902196449206,23835.8437102575,16421.89565093846,17870.415593288177,19153.266564747333
0.15,5,10,1000,50,1,19405.566232894467,22474.16299788582,24784.653136313696,16675.36819497742,17476.938653328176,18450.16847921263
0.15,5,100,100,50,1,20220.887820670025,23028.042709009052,27712.41714738346,13379.651348441377,15600.089494031614,17703.462544329785
0.15,5,100,1000,50,1,20303.95896881783,23269.87439481732,25894.719657514546,13808.805373787029,15671.40238810636,17695.765273702767
0.15,10,10,100,50,1,37511.13370210548,41202.672339027704,46966.80393688734,28617.734676581757,31022.228921507834,32768.45671666514
0.15,10,10,1000,50,1,37857.18953024448,42297.85191000588,47824.95972025452,28214.38037347617,32304.91106267753,35336.987172745605
0.15,10,100,100,50,1,35536.40442064888,42109.95981175092,47340.28957950189,24049.8749745796,26735.609018307696,31272.22749961549
0.15,10,100,1000,50,1,36556.676142312375,42559.55361729102,49310.27014355991,22810.0396966668,26445.252012044675,30105.55310127599
0.05,1,10,100,50,11,4500.978618080481,4806.4281797749145,5360.640372827056,3390.8009604155704,3657.6315548562575,3888.831696571692
0.05,1,10,1000,50,11,4662.507433488561,4937.462959157498,5339.834041376504,3434.8547242698355,3651.736559824628,4023.733070340573
0.05,1,100,100,50,11,4165.680543997142,4801.959199899784,5528.063598666611,2697.3818781755413,3097.8391445511515,3700.252444775573
0.05,1,100,1000,50,11,4287.387606458478,4853.43812275704,5699.697982966665,2745.5620017914916,3085.4669167646075,3618.8548130462887
0.05,2,10,100,50,11,7631.888892656271,8943.528694067387,9922.49736516341,5775.504154508805,6154.754865000224,6674.014787547922
0.05,2,10,1000,50,11,7943.194179485874,9004.649106632607,10251.71113752437,5834.716450087501,6272.458998696324,6586.0883495458775
0.05,2,100,100,50,11,7530.077525761617,8952.667785477171,10269.617822510374,4338.09964771529,5326.280023079834,6038.369337171066
0.05,2,100,1000,50,11,7255.23774985865,9022.63277884558,10565.938984512944,4574.589669865126,5415.070528051974,6230.392568049105
0.05,5,10,100,50,11,17768.16953107234,21552.32402009115,24251.624733801575,15461.696407513038,15856.325158848422,16762.464999388205
0.05,5,10,1000,50,11,19261.032214144514,21377.304645968397,23411.456550274397,13696.54573879311,15320.626538754543,16573.493770268047
0.05,5,100,100,50,11,17181.781583792133,21194.18489405509,25180.683226018766,10019.248383967359,12406.211367961962,14339.279597762255
0.05,5,100,1000,50,11,19213.36690511799,21333.124369389698,23432.406273808538,9745.29821220762,11416.722384782011,13381.242071771876
0.05,10,10,100,50,11,37593.06498918392,41095.36956622694,44176.29376008008,29186.2656039044,33497.247211104484,37519.98035260426
0.05,10,10,1000,50,11,38154.96803867033,41198.16738902447,44579.45636924668,29610.36553734734,31845.413853967115,34389.073684316456
0.05,10,100,100,50,11,36360.51308499993,41646.023140099154,49669.29053228193,19035.992933868292,23288.59766211697,27378.68301655105
0.05,10,100,1000,50,11,35400.151592411756,41356.36975784309,48027.010402265194,19743.233463736004,23265.636398155923,27717.90923716401
0.1,1,10,100,50,11,4324.632071691647,4847.372018821424,5151.061481302872,3302.21614276623,3613.2264232918956,3792.523730265779
0.1,1,10,1000,50,11,4302.630064059987,4847.716605494796,5605.320089243023,3250.805495555769,3538.8142896740137,3735.683845289494
0.1,1,100,100,50,11,4039.6757263700806,4954.206697862818,5648.739026320001,2617.6180034602803,3129.997061708345,3603.1830858474336
0.1,1,100,1000,50,11,4166.250061645524,4946.550421606297,5668.0687080419575,2676.9147428353663,3120.839326588299,3527.8568439496057
0.1,2,10,100,50,11,8480.52380312575,9072.953006749443,9912.106884530904,5620.6082098369225,6416.670542533558,7200.756550943595
0.1,2,10,1000,50,11,8469.822569145157,8875.308643830136,9457.304471823783,5993.588775787405,6527.589992970829,6947.950349020548
0.1,2,100,100,50,11,7988.501436006537,9065.756570091158,10672.063526897036,4664.603226964475,5535.17040739308,6243.897314363645
0.1,2,100,1000,50,11,8053.414859142672,9082.38193618388,10579.57248165205,4726.649867485282,5479.099905850481,6586.277535540917
0.1,5,10,100,50,11,19823.567518893888,21094.335664230828,22651.631801742948,14613.63734563052,16243.151432957995,18052.015446356418
0.1,5,10,1000,50,11,18156.228123893048,20284.55852801551,22793.03134996491,14367.249910925048,15424.784882121856,16382.618309704116
0.1,5,100,100,50,11,17035.012716031364,21400.968402421422,24764.485005162864,10135.839912317171,12026.69367463032,14676.383065719045
0.1,5,100,1000,50,11,17432.19140705194,21618.082540482865,24387.719864852363,9440.344346719772,12016.292733560409,13593.868944448192
0.1,10,10,100,50,11,37766.37660173126,41453.679950880745,44811.074452323104,27821.756340724427,30583.746284771834,32065.901685490404
0.1,10,10,1000,50,11,39516.96712015817,42557.59539331375,45586.467983903836,29213.977404359357,30941.903045666102,32531.127896416197
0.1,10,100,100,50,11,34578.71542976478,41937.389046529854,49237.28784965402,18028.16568892787,22915.17605981871,27153.98817588952
0.1,10,100,1000,50,11,35869.91260463688,41917.368204362385,47864.62685877216,18661.097190830427,23555.48147550358,29309.222852441617
0.15,1,10,100,50,11,4855.447721904577,5050.84635941954,5302.928949991916,3562.754237432948,3851.5521837129913,4043.986815889236
0.15,1,10,1000,50,11,4722.923087411049,5395.415911850163,5984.470402824327,3793.6319900958147,4038.5503210416005,4234.391013089372
0.15,1,100,100,50,11,4431.6167429985335,5060.489203114323,5622.476062206641,2780.4082256969427,3285.2605411285,3987.6594169414902
0.15,1,100,1000,50,11,4341.965584526332,5149.598555512138,5906.962525793616,2880.063856349456,3388.1678110738903,3959.654945989327
0.15,2,10,100,50,11,8617.066582757114,9435.991901665655,10007.318446469486,6542.36791666104,6966.8517616347945,7331.717635040195
0.15,2,10,1000,50,11,8537.464438442745,9359.77063623327,10660.379013433341,5982.95101317394,6655.229726255682,7157.817125694534
0.15,2,100,100,50,11,7844.2759675759,9255.666055712341,10173.720148981196,5158.1955670645675,5742.838262582226,6621.971097323264
0.15,2,100,1000,50,11,8016.62846397688,9250.043020467758,10425.62331228153,5048.75523423096,5701.70922519622,6696.995914098342
0.15,5,10,100,50,11,19501.766666855845,21884.88975925005,23534.41885028135,14979.374101541216,16123.399720177089,17459.347458847344
0.15,5,10,1000,50,11,19360.140150784933,21740.558915893056,24969.333959465734,15366.904099663829,16453.842070227012,17692.686600759364
0.15,5,100,100,50,11,17616.960269087987,21410.30425502232,24299.531733751366,10171.805956644226,12467.028139838607,14657.372207006472
0.15,5,100,1000,50,11,18001.85096588125,21495.087108577736,24225.15464883403,10873.121212872655,12583.456941467128,15234.670717245166
0.15,10,10,100,50,11,40156.642771969535,43330.4741404264,46214.51063809901,27004.846751723882,29398.116410309325,30968.663882435147
0.15,10,10,1000,50,11,40211.07929712458,42629.463857772935,47561.39965773969,29644.3363055414,31076.43082408097,32792.68517382886
0.15,10,100,100,50,11,36089.97732655557,41903.30838114518,48252.65761276205,20035.447064165393,23977.936633506535,27409.520787606696
0.15,10,100,1000,50,11,34489.965605045785,42301.2492542557,51117.307990062,19420.468176895458,23365.26494135387,27960.188468226374
0.05,1,10,100,50,26,3735.520348464122,3880.7376598165674,4159.051187165301,2771.4923063370597,2902.126195555339,3076.2863856266954
0.05,1,10,1000,50,26,3702.98374810326,3970.6858923770524,4649.683828823254,2559.470651402881,2653.210941802584,2798.539433976892
0.05,1,100,100,50,26,3426.1011175758736,3910.0674547493504,4495.987546319253,1817.065671491084,2244.3982565659376,2722.3642277093536
0.05,1,100,1000,50,26,3303.957729348844,3890.568097986581,4424.966049298145,1819.0010984416451,2305.6099262996145,2828.377610427845
0.05,2,10,100,50,26,7049.7593033319545,7605.560443800768,8172.4184313568185,4623.630726035492,5249.799905182374,6062.640752535818
0.05,2,10,1000,50,26,7286.536609787674,7833.959682165603,8264.694391884866,4910.258172576618,5277.027543983971,5724.135315022193
0.05,2,100,100,50,26,6243.451771005142,7617.667442760791,8678.144393386281,3684.5540938779377,4369.49124531457,5089.448087962652
0.05,2,100,1000,50,26,6389.9851223799915,7678.693564727012,9177.609380720636,3592.4834913566156,4319.097578887128,5105.1201730957155
0.05,5,10,100,50,26,17551.179621734897,19086.181096840584,20831.04386181928,11930.130876473124,13088.273569276493,14217.766763634001
0.05,5,10,1000,50,26,16558.32326030337,19187.27987567884,21950.23053435557,12396.727351404757,13246.089855776521,14449.00929395757
0.05,5,100,100,50,26,16300.731552933057,18908.475616116266,22800.69962149701,9073.137868451715,10823.797818079984,12654.337675881836
0.05,5,100,1000,50,26,16016.815439467013,18892.305363502826,21984.490579774912,7501.492245854696,10077.899959056384,11721.05876322937
0.05,10,10,100,50,26,32784.64013205082,38493.486432726226,42900.14177101791,22886.50833543654,25831.66051658043,29394.86946690519
0.05,10,10,1000,50,26,33660.81486230265,36676.05136332618,39539.32148575568,26490.23650655944,28246.8299847561,30635.463444459976
0.05,10,100,100,50,26,32947.21159088241,37756.932070544346,43255.22288649289,17554.402343432706,21029.977525587623,24924.124861598913
0.05,10,100,1000,50,26,30693.043865176205,37306.871825846654,42870.56781718589,16797.132876974214,20371.367261906253,24227.11023328666
0.1,1,10,100,50,26,3389.7074689725196,3849.553171128219,4400.89447449262,2505.3417378832996,2690.824432335835,2857.398432891607
0.1,1,10,1000,50,26,3512.0319733194633,3971.768583707043,4370.3372411925,2850.253198880161,3119.8612292733114,3392.9958008399735
0.1,1,100,100,50,26,3435.4589211978796,3918.131287574806,4481.742773628339,1895.5316128473814,2172.926714194757,2506.2415330183835
0.1,1,100,1000,50,26,3023.8978469580484,3952.024194765961,4527.6262586045395,1903.9081608615056,2223.160311698737,2630.986741714497
0.1,2,10,100,50,26,6676.530242476864,7671.932802637151,8425.931032807213,5165.368720432994,5642.269051477745,6553.548048166588
0.1,2,10,1000,50,26,7223.227485365193,7749.474929366857,8578.443051439976,5116.062913066676,5624.04488247742,6520.374941907082
0.1,2,100,100,50,26,6588.110833131479,7636.510402265822,9128.609268659156,3517.8108789202674,4325.6181735655155,5119.254596375853
0.1,2,100,1000,50,26,5947.810259024372,7672.954344231819,9142.016412030236,3598.497374571826,4130.392911320454,4873.849691953368
0.1,5,10,100,50,26,17281.415295445633,18911.005922586097,20551.03356584623,12770.29683429097,13689.533484579097,14509.690197663707
0.1,5,10,1000,50,26,17818.40026265189,19146.825720566703,21269.226889168203,12258.75230970495,14325.277344699924,15925.993547341306
0.1,5,100,100,50,26,16574.696034802826,18916.86358450997,23230.969167329757,8845.164695503969,10603.498739275632,12656.714628074047
0.1,5,100,1000,50,26,16053.306233120831,18912.490258294038,21394.404336598116,8330.124662999007,10326.820400635232,12328.596856840257
0.1,10,10,100,50,26,35679.17136190866,39121.46245379165,44912.88224681424,25215.446814283347,27216.970582989336,28633.42507102233
0.1,10,10,1000,50,26,31511.000836455758,37437.594443685106,42023.33546384931,26716.083248043917,28502.684210352094,31053.29153574438
0.1,10,100,100,50,26,31043.598440814287,37665.4894549431,44163.9882600258,16271.480192044075,21054.543570407306,25971.789557679233
0.1,10,100,1000,50,26,33136.65875022966,37840.81740431506,44295.30303192596,17851.949239570684,21070.659768605885,25709.434464310547
0.15,1,10,100,50,26,3677.158235826828,4039.474475293009,4230.645964454797,2526.3378928692823,2740.819937724299,2854.614111245325
0.15,1,10,1000,50,26,3724.0396388174618,3983.165641886934,4269.145202498843,2561.8989002237445,2739.128457297499,2825.9539828313227
0.15,1,100,100,50,26,3351.8550242220426,3953.3878457767623,4590.879981364682,1966.191422181521,2369.7645553658335,2756.762164999558
0.15,1,100,1000,50,26,3342.134281895216,4022.3703467287314,4502.202658142863,1771.6703649814185,2299.481654374921,2729.9149342596115
0.15,2,10,100,50,26,6383.932625198544,7586.068718116418,8060.556480801531,5696.8120734728345,5960.469703032043,6235.813593617045
0.15,2,10,1000,50,26,6786.304974865361,7784.387712866225,8762.062590917894,4750.673710600597,5129.9140804449535,5430.484350547352
0.15,2,100,100,50,26,6363.522413327775,7733.4454615961295,8800.899439272194,3826.2207610431715,4439.8854366319065,5401.924159011085
0.15,2,100,1000,50,26,6182.570434447227,7619.306880307832,8969.360935428365,3571.880003219675,4356.274741148575,5067.315609125365
0.15,5,10,100,50,26,17368.985536194745,18813.096176479597,21346.823097288627,11419.304419141894,12855.684330592943,13950.78775170407
0.15,5,10,1000,50,26,16776.81772581025,18648.449732804977,20744.478422898614,13237.976401272997,14340.623719880983,16045.708493084225
0.15,5,100,100,50,26,16262.731555046345,19041.552630526927,21537.188902138827,8633.122390505074,10393.280858170074,12075.493205861127
0.15,5,100,1000,50,26,16347.314803682919,18920.590102933056,22146.826561000547,8751.27685442135,10437.023836535067,12350.670021376467
0.15,10,10,100,50,26,35164.93577762397,38663.23270903447,44138.462247406824,25041.953497725513,26791.77940993748,28500.929768124162
0.15,10,10,1000,50,26,36059.796668606396,39007.286113282,41029.53462539607,23924.96515730297,25368.31572435034,27425.109650523347
0.15,10,100,100,50,26,31274.651682670392,37726.58645190635,43940.664818122845,18206.515392137193,21376.759773535636,25861.914368784543
0.15,10,100,1000,50,26,31613.488673745065,37737.27904261014,45741.196210692266,16770.02618772381,19928.09494822767,24087.56223914551
0.05,1,10,100,50,36,3236.8844954663455,3480.4628053546367,3733.0405152344765,2382.094372816789,2547.4537681172974,2684.2603340940777
0.05,1,10,1000,50,36,2959.8213856064376,3537.0348995788504,3823.72989430358,2495.350617022842,2661.161359490131,2809.6578120962954
0.05,1,100,100,50,36,3069.6220857243766,3520.198868139945,4178.31522841297,1640.1672971251546,2012.667653028821,2485.746160201026
0.05,1,100,1000,50,36,3020.8345213104144,3528.6778081685834,4000.0963301241673,1613.031613039843,2012.1991235155501,2449.162058016885
0.05,2,10,100,50,36,6326.518865130329,6780.630584496068,7356.439159742837,4708.173675020553,5125.418985930211,5840.611096249087
0.05,2,10,1000,50,36,6551.32328277107,6925.759821355741,7205.476127860385,4500.979268689932,4673.347312620869,4856.818731108469
0.05,2,100,100,50,36,5975.139563207258,7070.518291638474,8267.654267764361,3536.781172255795,4072.1369460290075,4980.864856359953
0.05,2,100,1000,50,36,5931.785187732023,7017.299718842209,8620.724733530855,3043.1459721457254,3968.4594010920227,4927.334375992643
0.05,5,10,100,50,36,16379.261956367069,17968.014152132,19133.54676495391,10978.133706847662,12014.302445700228,13096.34750370415
0.05,5,10,1000,50,36,15934.76782338075,17147.390318351267,18903.77400830016,11744.708705071898,12470.374440552889,13580.765893707148
0.05,5,100,100,50,36,14669.339611145995,17208.008938506162,20867.38423722605,7950.032467135837,9774.760628007902,11432.48214540858
0.05,5,100,1000,50,36,14686.947057563984,17454.28467551158,20045.326470543783,8331.467994284525,9785.334561899142,12226.500171582222
0.05,10,10,100,50,36,30460.492932419213,34486.54127355282,39832.34229874471,21478.52416220402,23618.56207284868,26248.10965852529
0.05,10,10,1000,50,36,26715.25178178039,34942.2129001404,41639.01930038379,23101.21375931326,24245.467205691763,25904.674505839077
0.05,10,100,100,50,36,29791.479553290294,35277.703615475264,40617.738672465464,16530.149008259574,19252.31989740566,22535.79091304331
0.05,10,100,1000,50,36,28731.019794812408,34899.58995172272,39707.20680493413,15729.050691692175,19271.86654346868,22329.822792054958
0.1,1,10,100,50,36,2824.117082266039,3405.040747114931,3733.5444109339905,2322.14701852392,2553.4394377606695,2691.172231716573
0.1,1,10,1000,50,36,3071.834146572659,3473.597770666591,3829.771448168963,2530.016682840816,2677.73963229428,2827.5624138305484
0.1,1,100,100,50,36,3104.0258722913763,3572.1513197665167,4116.882536024239,1651.0174345928665,2006.8511485771087,2412.304991236268
0.1,1,100,1000,50,36,2954.105063516354,3535.6851989670376,4096.458345860685,1644.5074768460695,1876.5181844911663,2187.3051738183985
0.1,2,10,100,50,36,6273.188041673147,6888.521917693972,7417.273122513736,4537.769296363253,4815.308083483798,5169.716957293284
0.1,2,10,1000,50,36,6004.380487298521,6999.046029916286,8109.195868509464,4919.529154708272,5071.692482959849,5306.929022930174
0.1,2,100,100,50,36,6161.369183552934,7025.489844627033,7804.318624996397,3242.5959531630588,3954.99225377694,4597.140274323984
0.1,2,100,1000,50,36,6231.554729713345,7006.4211139915615,8073.078357130817,3252.381995177789,3838.434812024471,4519.361655417816
0.1,5,10,100,50,36,15927.16931397259,17566.51490848328,19276.640471203467,11449.667205413542,12154.145616896687,13182.920206306366
0.1,5,10,1000,50,36,16946.61690800486,17835.682694377712,19330.703225032423,11209.491066049566,12258.752695647367,13180.153294017053
0.1,5,100,100,50,36,14308.87240142437,17492.291751201617,21689.86838305314,8030.6179543959115,9727.13898134298,11832.975399817968
0.1,5,100,1000,50,36,14594.012125941948,17526.196968038403,20886.69702173962,8024.218849282603,9741.087659324474,11902.935729436504
0.1,10,10,100,50,36,32910.616241140466,35244.844392095794,38033.890513755745,23557.944596351077,25278.0979425453,27315.07606997927
0.1,10,10,1000,50,36,30600.993507306044,33906.44658882969,37960.249002189,26347.383034794762,27800.51739824839,30581.97135577128
0.1,10,100,100,50,36,28656.13690563924,34954.5293570141,40554.40227958968,16829.998194027787,19646.938384660723,24360.57831318415
0.1,10,100,1000,50,36,30776.847181907073,35379.55934259029,40813.85972609275,15480.095523730542,19124.40139193717,23477.63986302897
0.15,1,10,100,50,36,3153.034146217638,3640.230457775803,3930.7533780995827,2077.588607744194,2363.588242771091,2508.817639524996
0.15,1,10,1000,50,36,3103.3323594086464,3495.1085795570443,3691.566050769852,2310.7115167871325,2618.615532794401,2807.201376973076
0.15,1,100,100,50,36,2852.252528948872,3569.8223226452496,4177.186245787703,1718.0523572069233,2029.4750300228704,2437.626997319272
0.15,1,100,1000,50,36,2980.8420410184713,3563.5177539585775,4273.988610233768,1587.762594396329,1966.1234872488103,2469.6566482071617
0.15,2,10,100,50,36,6208.693257247836,6850.3256009125325,7505.372443534927,4015.557290341164,4625.037190005499,5198.940599873333
0.15,2,10,1000,50,36,6618.432100061042,7137.589833833687,8018.6753767874725,4628.579866614334,4933.278356437318,5255.016925419997
0.15,2,100,100,50,36,5780.822078625412,6971.718798578438,8296.978648859253,3356.7115667797148,3954.1495522633554,4746.595166835703
0.15,2,100,1000,50,36,6009.271326049966,7060.468220983766,8668.644146585943,3300.4578119585094,3796.747167053115,4605.7971053318915
0.15,5,10,100,50,36,15163.153339384004,17226.739884001803,18593.63144183061,13596.613214895056,14701.074574301116,15553.856076545164
0.15,5,10,1000,50,36,16340.393735632573,17729.60997033023,19448.804075019274,11385.510703218408,12214.207819130716,13253.335649787696
0.15,5,100,100,50,36,15045.622739924165,17679.76462228829,19725.24280606208,7335.5423075061235,9630.869716972173,11905.078905826185
0.15,5,100,1000,50,36,15138.322670660391,17522.639794215098,20189.156005528184,7719.75324458096,9697.216400954,11623.461810918378
0.15,10,10,100,50,36,31893.097597796044,35147.63295170419,37630.98417295681,21482.674600440372,22635.888250456384,24314.943460782877
0.15,10,10,1000,50,36,33746.887678567145,34309.1212049234,35758.67888303969,26364.317016167963,27561.149689705453,28956.488219291165
0.15,10,100,100,50,36,29814.099304709696,34997.814406266545,39770.39311029617,16202.867769062623,19091.53554674497,23449.206347291994
0.15,10,100,1000,50,36,29811.103821536,35009.27666052811,39785.431575782204,15156.921306820659,19302.94602567318,23368.626089785048
0.05,1,10,100,100,1,10430.12037269019,10792.62986200504,11107.778165533618,7993.15225540219,8231.933207485035,8736.509567258656
0.05,1,10,1000,100,1,10448.061326978177,10912.282437854088,11437.803748994784,8509.151131247294,8716.123794107163,9023.581828725979
0.05,1,100,100,100,1,9737.882437284488,10693.727981344411,12154.434773714474,7421.536063600309,8197.854481295348,8812.28685623596
0.05,1,100,1000,100,1,9206.457843836242,10738.173483183506,11856.529968551895,7305.159895778008,7846.309011275576,8436.9400485785
0.05,2,10,100,100,1,17131.829361079363,17600.453394332268,18274.156765841606,13557.819283778981,13976.728410512087,14314.33353902993
0.05,2,10,1000,100,1,16504.82044293518,17551.141674138846,19199.74807836113,12303.578544056827,13062.447674208666,13972.828442851363
0.05,2,100,100,100,1,16151.828421039787,17618.09610331083,19768.374435850532,11587.613569455425,12507.027166910564,13680.155868651034
0.05,2,100,1000,100,1,16034.20241949157,17647.966686757376,19709.83424784788,10729.166543401785,11740.078627501181,13054.711617582287
0.05,5,10,100,100,1,37050.75174757128,38899.915635040605,41148.3371389958,26823.93028829938,28526.062797330953,29743.35404749769
0.05,5,10,1000,100,1,34851.160582283184,38103.81318116958,40820.845186057246,26583.66319862335,28332.640184142347,30053.59293888982
0.05,5,100,100,100,1,34632.229931452355,38223.334475850104,43327.32026737258,22742.52958826271,25042.274067477654,28175.269926779216
0.05,5,100,1000,100,1,32766.973198849686,38115.561221410164,41554.62688724804,19798.016059174635,22374.569721592357,25225.48308116402
0.05,10,10,100,100,1,65367.37123802094,71452.28678425952,76287.21904967217,56675.81930926673,58171.93846535003,59939.914703000235
0.05,10,10,1000,100,1,69508.06804862269,73468.76280498899,77221.23025179077,51142.80746570269,52925.0136742991,54923.36184725835
0.05,10,100,100,100,1,63521.690019814174,72507.80935870395,78125.87848305346,39412.15548828286,43254.94018160266,48897.659539995824
0.05,10,100,1000,100,1,62738.68645595222,72746.97360869167,80812.50168649612,35614.77730197665,40729.112003550574,46123.432904012
0.1,1,10,100,100,1,10906.84591984145,11481.054793306901,12275.392258245673,8696.285681826279,9248.388110058488,9925.056106340973
0.1,1,10,1000,100,1,11091.695525042122,11808.099708596854,12696.81758051225,8768.28758105573,8977.898222799055,9371.40106699877
0.1,1,100,100,100,1,10216.71131093864,11397.828557177905,12390.04123883135,7917.054421616484,8691.34958028916,9375.302244391258
0.1,1,100,1000,100,1,10188.351359283974,11402.133121630262,13029.392670911351,7678.946987653544,8517.30550690504,9070.437054020114
0.1,2,10,100,100,1,16584.78038906421,18479.58290729928,20426.926789906716,14696.38225106531,15054.848691035348,15571.829313010083
0.1,2,10,1000,100,1,16929.98201843889,18304.548258890194,19522.728877160385,13835.99572646836,14364.287573506192,15207.559547896923
0.1,2,100,100,100,1,14944.030479105642,18255.485780321727,19711.635682236738,12195.619324057503,13181.640548775546,14029.827619692991
0.1,2,100,1000,100,1,16859.909897750727,18357.248262274254,20379.19015530602,11720.362181889608,12651.446509739066,13930.043835147262
0.1,5,10,100,100,1,36222.99106887982,38544.10451008439,40673.651924512305,29676.960210111687,31318.190416054462,33723.61586868505
0.1,5,10,1000,100,1,36287.00206412945,38670.46453106315,41785.67958148145,30341.509234032525,31640.88318072249,33107.45423625782
0.1,5,100,100,100,1,34569.26409707765,39222.71059520615,43088.19841223023,22490.471503885277,24831.45920236806,27318.68727204209
0.1,5,100,1000,100,1,34619.02054284041,39217.28190880068,44095.55996806127,20995.46356419802,23562.39047790673,25566.291018689786
0.1,10,10,100,100,1,69230.92707767693,72765.72481384211,75272.32748420948,54549.050029695776,56479.136743721014,58105.82615477078
0.1,10,10,1000,100,1,70906.36423741044,74340.01689110842,77556.76672504024,51704.11469097809,53813.146031142256,55548.87576582957
0.1,10,100,100,100,1,65411.589794734406,73022.84376320637,82759.1160446958,41295.77945683053,45185.38560710821,50732.77367084602
0.1,10,100,1000,100,1,66767.36171437794,73636.25572828557,84917.60350348025,37088.6950328562,41861.48233893187,46705.46152907885
0.15,1,10,100,100,1,11772.856631899693,12534.659936458127,13546.941433205351,9299.94389430148,9625.971307620466,9868.865241773427
0.15,1,10,1000,100,1,11396.249568057876,12411.174162197112,13137.398431112068,9407.023927304328,9746.81239133955,10304.2517586286
0.15,1,100,100,100,1,11226.607866440367,12385.521083621144,13772.877244421083,8522.871599381726,9284.84840907892,10291.939150974038
